{"accuracy/top1": 93.83802795410156, "accuracy/top5": 100.0, "step": 1}
{"accuracy/top1": 95.2464828491211, "accuracy/top5": 100.0, "step": 2}
{"accuracy/top1": 94.71830749511719, "accuracy/top5": 100.0, "step": 3}
{"accuracy/top1": 96.12676239013672, "accuracy/top5": 100.0, "step": 4}
{"accuracy/top1": 95.59859466552734, "accuracy/top5": 100.0, "step": 5}
{"accuracy/top1": 95.9507064819336, "accuracy/top5": 100.0, "step": 6}
{"accuracy/top1": 95.9507064819336, "accuracy/top5": 100.0, "step": 7}
{"accuracy/top1": 96.12676239013672, "accuracy/top5": 100.0, "step": 8}
{"accuracy/top1": 95.77465057373047, "accuracy/top5": 100.0, "step": 9}
{"accuracy/top1": 96.47887420654297, "accuracy/top5": 100.0, "step": 10}
{"accuracy/top1": 96.47887420654297, "accuracy/top5": 100.0, "step": 11}
{"accuracy/top1": 96.30281829833984, "accuracy/top5": 100.0, "step": 12}
{"accuracy/top1": 96.30281829833984, "accuracy/top5": 100.0, "step": 13}
{"accuracy/top1": 96.6549301147461, "accuracy/top5": 100.0, "step": 14}
{"accuracy/top1": 97.00704193115234, "accuracy/top5": 100.0, "step": 15}
